{
  "language": {
    "kmeans": {
      "silhouette": 0.009497650898993015,
      "davies_bouldin": 5.811144926996781,
      "calinski_harabasz": 2.730228510269689,
      "ari": -0.0014350249096106004,
      "nmi": 0.020735400066136507,
      "v_measure": 0.020735400066136507
    },
    "agglomerative": {
      "silhouette": 0.007267973851412535,
      "davies_bouldin": 6.572876220592449,
      "calinski_harabasz": 2.264512550817764,
      "ari": 0.0024465233365671443,
      "nmi": 0.018442163678464702,
      "v_measure": 0.018442163678464702
    },
    "gmm": {
      "silhouette": 0.003887174418196082,
      "davies_bouldin": 6.260220202795552,
      "calinski_harabasz": 2.2369428225674093,
      "ari": 0.0012610455258948749,
      "nmi": 0.01608879470184661,
      "v_measure": 0.016088794701846612
    }
  },
  "genre": {
    "kmeans": {
      "silhouette": 0.008409863337874413,
      "davies_bouldin": 6.400298773103042,
      "calinski_harabasz": 2.644547598115641,
      "ari": -0.0009296571561379594,
      "nmi": 0.011856082349321647,
      "v_measure": 0.011856082349321645
    },
    "agglomerative": {
      "silhouette": 0.005335194058716297,
      "davies_bouldin": 7.413377818421278,
      "calinski_harabasz": 2.3122335494060895,
      "ari": 0.0030881972959595047,
      "nmi": 0.014633099177083012,
      "v_measure": 0.014633099177083012
    },
    "gmm": {
      "silhouette": 0.008409863337874413,
      "davies_bouldin": 6.400298773103042,
      "calinski_harabasz": 2.644547598115641,
      "ari": -0.0009296571561379594,
      "nmi": 0.011856082349321647,
      "v_measure": 0.011856082349321645
    }
  }
}