{
  "language": {
    "kmeans": {
      "silhouette": 0.009965453296899796,
      "davies_bouldin": 5.929391607655522,
      "calinski_harabasz": 2.676024166323404,
      "ari": -0.012896042277746848,
      "nmi": 0.004313123692062011,
      "v_measure": 0.004313123692062011
    },
    "agglomerative": {
      "silhouette": 0.009349877014756203,
      "davies_bouldin": 5.890125223189187,
      "calinski_harabasz": 2.550020313143241,
      "ari": -0.004638104691246197,
      "nmi": 0.014418459970896209,
      "v_measure": 0.014418459970896207
    },
    "gmm": {
      "silhouette": -0.0017168836202472448,
      "davies_bouldin": 6.333247578296732,
      "calinski_harabasz": 2.230583220772516,
      "ari": 0.011500285185344189,
      "nmi": 0.030590097948998092,
      "v_measure": 0.030590097948998092
    }
  },
  "genre": {
    "kmeans": {
      "silhouette": 0.01086757704615593,
      "davies_bouldin": 6.293241903593429,
      "calinski_harabasz": 2.791265996118867,
      "ari": -0.0069292107575023385,
      "nmi": 0.003230249822064364,
      "v_measure": 0.003230249822064364
    },
    "agglomerative": {
      "silhouette": 0.009904202073812485,
      "davies_bouldin": 6.709005943566889,
      "calinski_harabasz": 2.587089332155335,
      "ari": -0.005237296927163032,
      "nmi": 0.004903262819052443,
      "v_measure": 0.004903262819052443
    },
    "gmm": {
      "silhouette": 0.004215499386191368,
      "davies_bouldin": 6.735829205345531,
      "calinski_harabasz": 2.5106461675400125,
      "ari": -0.0017633876450663052,
      "nmi": 0.007031467101609527,
      "v_measure": 0.007031467101609527
    }
  }
}