task,n_samples,best_model_ari,best_ari,best_model_nmi,best_nmi,best_model_silhouette,best_silhouette,avg_ari,avg_nmi,avg_silhouette
language,21,CVAE-Genre,0.0211809117538522,Multimodal VAE,0.0539171157114741,Conv VAE,0.022645192220807,0.003475690361160428,0.026643682305356672,0.008805875943618827
genre,21,VaDE,0.0111531459219103,Multimodal VAE,0.0214023109146989,Conv VAE,0.1647336781024933,-0.0006186441329769526,0.009825416237192167,0.016768675508154963
