task,n_samples,best_model_ari,best_ari,best_model_nmi,best_nmi,best_model_silhouette,best_silhouette,avg_ari,avg_nmi,avg_silhouette
language,26,Conv VAE,0.0207807093503311,CVAE-Language,0.0401686221996218,Raw Features,0.0419616997241973,0.0003131993865135949,0.021651002582939807,0.012487621870464972
genre,26,CVAE-Language,0.0594825022305938,CVAE-Language,0.073901750467855,Basic VAE,0.0775917246937751,0.011472186419820618,0.027031714123872085,0.01757187592402956
