task,n_samples,best_model_ari,best_ari,best_model_nmi,best_nmi,best_model_silhouette,best_silhouette,avg_ari,avg_nmi,avg_silhouette
language,26,CVAE-Language,0.0194702519925931,Multimodal VAE,0.0440111665101892,Raw Features,0.0419616997241973,0.003256413612349692,0.025154730810552237,0.013120116021197543
genre,26,Basic VAE,0.0773294263419086,Basic VAE,0.0969041070457283,Basic VAE,0.1077754199504852,0.014537724043524481,0.029532484618836063,0.02134768258278754
