{
  "language": {
    "kmeans": {
      "silhouette": 0.014321032911539078,
      "davies_bouldin": 4.281469313872179,
      "calinski_harabasz": 3.576032611457302,
      "ari": 0.01019493105780513,
      "nmi": 0.03308102544144114,
      "v_measure": 0.03308102544144114
    },
    "agglomerative": {
      "silhouette": 0.012432597577571869,
      "davies_bouldin": 3.8071837002760547,
      "calinski_harabasz": 3.548951142813357,
      "ari": 0.01413781152191215,
      "nmi": 0.03887964194620829,
      "v_measure": 0.03887964194620829
    },
    "gmm": {
      "silhouette": 0.005980366375297308,
      "davies_bouldin": 5.214908766577391,
      "calinski_harabasz": 2.8073758867367,
      "ari": -0.003383039869653464,
      "nmi": 0.019544447056000756,
      "v_measure": 0.019544447056000756
    }
  },
  "genre": {
    "kmeans": {
      "silhouette": 0.011420700699090958,
      "davies_bouldin": 5.6586800221396425,
      "calinski_harabasz": 3.029937338510662,
      "ari": -0.000415892802205941,
      "nmi": 0.010605802360847037,
      "v_measure": 0.010605802360847036
    },
    "agglomerative": {
      "silhouette": 0.014425455592572689,
      "davies_bouldin": 4.885056276144841,
      "calinski_harabasz": 3.985739262858842,
      "ari": 0.01312264283236525,
      "nmi": 0.02805602861474998,
      "v_measure": 0.02805602861474998
    },
    "gmm": {
      "silhouette": 0.011420700699090958,
      "davies_bouldin": 5.6586800221396425,
      "calinski_harabasz": 3.029937338510662,
      "ari": -0.000415892802205941,
      "nmi": 0.010605802360847037,
      "v_measure": 0.010605802360847036
    }
  }
}