{
  "language": {
    "kmeans": {
      "silhouette": 0.011024748906493187,
      "davies_bouldin": 5.849252510000713,
      "calinski_harabasz": 2.803268971337838,
      "ari": -0.0017070738957481455,
      "nmi": 0.01636005152388471,
      "v_measure": 0.01636005152388471
    },
    "agglomerative": {
      "silhouette": 0.009675323031842709,
      "davies_bouldin": 5.731922367498283,
      "calinski_harabasz": 2.766360428791272,
      "ari": 0.01252785025324327,
      "nmi": 0.03305212789439331,
      "v_measure": 0.03305212789439331
    },
    "gmm": {
      "silhouette": 0.01290451642125845,
      "davies_bouldin": 5.391389709562919,
      "calinski_harabasz": 2.6037788210692474,
      "ari": -0.003092724369903219,
      "nmi": 0.01780286993980886,
      "v_measure": 0.01780286993980886
    }
  },
  "genre": {
    "kmeans": {
      "silhouette": 0.012833924032747746,
      "davies_bouldin": 6.219260433903833,
      "calinski_harabasz": 3.1265893415768304,
      "ari": 0.01966315288170054,
      "nmi": 0.027672338136618718,
      "v_measure": 0.027672338136618714
    },
    "agglomerative": {
      "silhouette": 0.009027402848005295,
      "davies_bouldin": 6.616061738037895,
      "calinski_harabasz": 2.8508312752917275,
      "ari": -0.009396677101411665,
      "nmi": 0.0013987263506898312,
      "v_measure": 0.0013987263506898314
    },
    "gmm": {
      "silhouette": 0.011042262427508831,
      "davies_bouldin": 6.290694981900043,
      "calinski_harabasz": 2.865906961498488,
      "ari": 0.0006073084940170391,
      "nmi": 0.013581554279821634,
      "v_measure": 0.013581554279821632
    }
  }
}