{
  "language": {
    "kmeans": {
      "silhouette": 0.013108523562550545,
      "davies_bouldin": 5.462592052371411,
      "calinski_harabasz": 3.0432560626653933,
      "ari": 0.0009482657907146701,
      "nmi": 0.015419399703997045,
      "v_measure": 0.015419399703997048
    },
    "agglomerative": {
      "silhouette": 0.010274707339704037,
      "davies_bouldin": 5.806751539127905,
      "calinski_harabasz": 2.9667828915931906,
      "ari": 0.008145750376580708,
      "nmi": 0.033195700858688684,
      "v_measure": 0.033195700858688684
    },
    "gmm": {
      "silhouette": 0.008114675059914589,
      "davies_bouldin": 5.128510836909093,
      "calinski_harabasz": 2.7000035146500405,
      "ari": 0.0012501288314854511,
      "nmi": 0.040474415228552434,
      "v_measure": 0.04047441522855244
    }
  },
  "genre": {
    "kmeans": {
      "silhouette": 0.012763477861881256,
      "davies_bouldin": 6.226729903043665,
      "calinski_harabasz": 3.6666639539252,
      "ari": -0.006546793448823237,
      "nmi": 0.004297162798832224,
      "v_measure": 0.004297162798832224
    },
    "agglomerative": {
      "silhouette": 0.012147728353738785,
      "davies_bouldin": 6.047734197287061,
      "calinski_harabasz": 3.2273186757299976,
      "ari": -0.00040183543393529147,
      "nmi": 0.010999775827477557,
      "v_measure": 0.010999775827477557
    },
    "gmm": {
      "silhouette": 0.014599662274122238,
      "davies_bouldin": 5.331130795720413,
      "calinski_harabasz": 3.16667941204846,
      "ari": -0.006419727431728055,
      "nmi": 0.004495943915620334,
      "v_measure": 0.004495943915620334
    }
  }
}