{
  "language": {
    "kmeans": {
      "silhouette": 0.005528371315449476,
      "davies_bouldin": 6.15390241167773,
      "calinski_harabasz": 2.5328227892111643,
      "ari": -0.0028278732259097213,
      "nmi": 0.013588262419592196,
      "v_measure": 0.013588262419592196
    },
    "agglomerative": {
      "silhouette": 0.006203607656061649,
      "davies_bouldin": 6.223867199347472,
      "calinski_harabasz": 2.380897313476145,
      "ari": 0.004114452816754399,
      "nmi": 0.020808297234107993,
      "v_measure": 0.020808297234107993
    },
    "gmm": {
      "silhouette": 0.009932969696819782,
      "davies_bouldin": 5.7122942761759665,
      "calinski_harabasz": 2.29349946722284,
      "ari": 0.0017384381083163812,
      "nmi": 0.03352817181441488,
      "v_measure": 0.03352817181441488
    }
  },
  "genre": {
    "kmeans": {
      "silhouette": 0.007344260346144438,
      "davies_bouldin": 6.386372611516188,
      "calinski_harabasz": 2.708082990608665,
      "ari": -0.005994148855700124,
      "nmi": 0.005476002515363252,
      "v_measure": 0.005476002515363251
    },
    "agglomerative": {
      "silhouette": 0.01145892683416605,
      "davies_bouldin": 6.377385413900211,
      "calinski_harabasz": 2.4381946925762796,
      "ari": -0.00091025705466431,
      "nmi": 0.008065397890457333,
      "v_measure": 0.008065397890457335
    },
    "gmm": {
      "silhouette": 0.009794142097234726,
      "davies_bouldin": 6.284511501820199,
      "calinski_harabasz": 2.45757080807725,
      "ari": -0.005830988830420038,
      "nmi": 0.004456671692736411,
      "v_measure": 0.004456671692736412
    }
  }
}