{
  "language": {
    "kmeans": {
      "silhouette": 0.012260781601071358,
      "davies_bouldin": 5.479506311857034,
      "calinski_harabasz": 2.6153426620016744,
      "ari": 0.002471287390404764,
      "nmi": 0.03468392514607503,
      "v_measure": 0.034683925146075024
    },
    "agglomerative": {
      "silhouette": 0.0027421796694397926,
      "davies_bouldin": 6.008560931151704,
      "calinski_harabasz": 2.477201241579832,
      "ari": 0.01164448390528282,
      "nmi": 0.03882497533923513,
      "v_measure": 0.03882497533923513
    },
    "gmm": {
      "silhouette": 0.009995472617447376,
      "davies_bouldin": 5.702110176282487,
      "calinski_harabasz": 2.468671924699549,
      "ari": -0.006083527191435529,
      "nmi": 0.008672273550559554,
      "v_measure": 0.008672273550559554
    }
  },
  "genre": {
    "kmeans": {
      "silhouette": 0.012290204875171185,
      "davies_bouldin": 6.158477265155002,
      "calinski_harabasz": 2.985572630157446,
      "ari": -0.005920337697126043,
      "nmi": 0.0051967948025745635,
      "v_measure": 0.0051967948025745635
    },
    "agglomerative": {
      "silhouette": 0.006274206098169088,
      "davies_bouldin": 6.88793899605719,
      "calinski_harabasz": 2.5277574509707907,
      "ari": 0.001105893001105893,
      "nmi": 0.013637298036649351,
      "v_measure": 0.013637298036649351
    },
    "gmm": {
      "silhouette": 0.008988773450255394,
      "davies_bouldin": 6.449446828514556,
      "calinski_harabasz": 2.4997388609580637,
      "ari": -0.0029171053494437106,
      "nmi": 0.017552927157081354,
      "v_measure": 0.017552927157081354
    }
  }
}